"Название","Ссылка","Тип","Дата.поста"
"Разбор книги разумный инвестор","https://t.me/usamarke1/462","Обучение",2020-05-30
"Почему дивидендная стратегия подходит не всем?","https://t.me/usamarke1/481","Обучение",2020-06-01
"NASDAQ, S&P 500, Dow Jones","https://t.me/usamarke1/499","Обучение",2020-06-03
"Структура секторов S&P 500","https://t.me/usamarke1/534","Разбор сектора",2020-06-08
"Акции роста","https://t.me/usamarke1/594","Обучение",2020-06-16
"Капитализация","https://t.me/usamarke1/607","Обучение",2020-06-17
"Почему не стоит инвестировать в российские акции?","https://t.me/c/1345338250/424","Обучение",2020-06-17
"Сравнение доходностей мировых индексов","https://t.me/usamarke1/612","Обучение",2020-06-18
"Выборы в США 2020","https://t.me/usamarke1/622","Аналитика",2020-06-19
"Стоимостные акции","https://t.me/usamarke1/643","Обучение",2020-06-22
"История Netflix","https://t.me/usamarke1/660","Обучение",2020-06-24
"Голубые фишки","https://t.me/usamarke1/664","Обучение",2020-06-25
"Банкротство Chesapeake Energy","https://t.me/usamarke1/663","Аналитика",2020-06-25
"Фундаментальный анализ","https://t.me/usamarke1/685","Обучение",2020-06-28
"Плюсы и минусы дивидендной стратегии","https://t.me/usamarke1/688","Обучение",2020-06-29
"Р/В","https://t.me/usamarke1/696","Обучение",2020-06-30
"Компании малой капитализации","https://t.me/usamarke1/711","Обучение",2020-07-02
"Технологический сектор (ч. 3)","https://t.me/usamarke1/717","Разбор сектора",2020-07-03
"5 акций, которые превратили $ 1000 в $ 1 млн","https://t.me/usamarke1/714","Аналитика",2020-07-03
"P/E","https://t.me/usamarke1/730","Обучение",2020-07-06
"Как определить компанию, которая в скором времени обанкротиться и как анализировать инвест идеи","https://t.me/usamarke1/740","Аналитика",2020-07-07
"Дивидендный миф","https://t.me/usamarke1/744","Обучение",2020-07-08
"Сравнение долей секторов фондового рынка","https://t.me/usamarke1/756","Разбор сектора",2020-07-10
"Сравнение доходности секторов в России и США","https://t.me/usamarke1/766","Разбор сектора",2020-07-12
"Как выбирать дивидендные акции в свой портфель","https://t.me/usamarke1/778","Обучение",2020-07-14
"Сектор потребительских товаров вторичной необходимости (ч. 1)","https://t.me/usamarke1/797","Разбор сектора",2020-07-17
"PEG","https://t.me/usamarke1/808","Обучение",2020-07-19
"Постановка инвестиционных целей","https://t.me/usamarke1/815","Обучение",2020-07-21
"Инвестиции в VR","https://t.me/usamarke1/814","Тренды",2020-07-21
"Сектор потребительских товаров вторичной необходимости (ч. 2)","https://t.me/usamarke1/833","Разбор сектора",2020-07-24
"ROE","https://t.me/usamarke1/837","Обучение",2020-07-25
"ROA","https://t.me/usamarke1/851","Обучение",2020-07-27
"Биотехнологии и риски","https://t.me/usamarke1/861","Тренды",2020-07-28
"Разбор портфеля подписчика 1","https://t.me/usamarke1/862","Аналитика портфелей",2020-07-28
"Сектор коммунальных услуг","https://t.me/usamarke1/916","Разбор сектора",2020-08-05
"Разбор портфеля подписчика 2","https://t.me/usamarke1/922","Аналитика портфелей",2020-08-06
"EPS","https://t.me/usamarke1/936","Обучение",2020-08-09
"Технологии VR/AR, через какие компании можно инвестировать?","https://t.me/usamarke1/942","Тренды",2020-08-10
"EBITDA","https://t.me/usamarke1/962","Обучение",2020-08-13
"Финансовый сектор (ч. 1)","https://t.me/usamarke1/970","Разбор сектора",2020-08-14
"Почему не стоит доверять прогнозам инвест домов?","https://t.me/usamarke1/982","Аналитика",2020-08-17
"Постановка инвест цели","https://t.me/usamarke1/991","Обучение",2020-08-19
"Литий","https://t.me/usamarke1/992","Тренды",2020-08-19
"P/S","https://t.me/usamarke1/999","Обучение",2020-08-20
"Финансовый сектор (ч. 2)","https://t.me/usamarke1/1003","Разбор сектора",2020-08-21
"Сравнение американских фарм компаний","https://t.me/usamarke1/1014","Сравнение компаний",2020-08-24
"Риск – ключевой параметр для составления портфеля","https://t.me/usamarke1/1024","Обучение",2020-08-26
"Сырьевой сектор","https://t.me/usamarke1/1033","Разбор сектора",2020-08-28
"Геномика","https://t.me/usamarke1/1046","Тренды",2020-08-31
"Бета","https://t.me/usamarke1/1063","Обучение",2020-09-02
"Разбор портфеля подписчика 3","https://t.me/usamarke1/1066","Аналитика портфелей",2020-09-03
"Промышленный сектор (ч. 1)","https://t.me/usamarke1/1078","Разбор сектора",2020-09-04
"Трейдинг vs Инвестиции","https://t.me/usamarke1/1097","Аналитика",2020-09-08
"Долг","https://t.me/usamarke1/1110","Обучение",2020-09-10
"Промышленный сектор (ч. 2)","https://t.me/usamarke1/1117","Разбор сектора",2020-09-11
"Фондовый рынок Германии","https://t.me/AnalyticsUSARussiaMarkets/8","Аналитика",2020-09-11
"ETF FXWO","https://t.me/AnalyticsUSARussiaMarkets/10","Разборы ETF",2020-09-12
"Свободный денежный поток","https://t.me/AnalyticsUSARussiaMarkets/22","Обучение",2020-09-16
"Сектор товаров первичной необходимости","https://t.me/AnalyticsUSARussiaMarkets/23","Разбор сектора",2020-09-17
"Налоговая форма W-8BEN","https://t.me/AnalyticsUSARussiaMarkets/25","Обучение",2020-09-18
"Капитальные затраты","https://t.me/AnalyticsUSARussiaMarkets/42","Обучение",2020-09-23
"Сектор недвижимости","https://t.me/AnalyticsUSARussiaMarkets/43","Разбор сектора",2020-09-24
"Нефтегазовый сектор","https://t.me/AnalyticsUSARussiaMarkets/57","Разбор сектора",2020-09-30
"M&A сделки","https://t.me/AnalyticsUSARussiaMarkets/59","Обучение",2020-10-02
"Сектор коммуникационных услуг","https://t.me/AnalyticsUSARussiaMarkets/76","Разбор сектора",2020-10-07
"Разбор портфеля подписчика 4","https://t.me/usamarke1/1223","Аналитика портфелей",2020-10-08
"FXIT разбор ETF","https://t.me/AnalyticsUSARussiaMarkets/80","Разборы ETF",2020-10-09
"Технологический сектор (ч. 1)","https://t.me/AnalyticsUSARussiaMarkets/97","Разбор сектора",2020-10-15
"Сравнение американских финтех компаний и платежных систем  ","https://t.me/usamarke1/1253","Сравнение компаний",2020-10-15
"Слияние Arm Nvidia","https://t.me/AnalyticsUSARussiaMarkets/99","Аналитика",2020-10-16
"Стоит ли покупать акции компании перед презентацией новых продуктов?","https://t.me/usamarke1/1255 (аналитика)","Аналитика",2020-10-16
"Зачем инвестору изучать отчетность компании?","https://t.me/usamarke1/1261","Обучение",2020-10-17
"Как попасть в разбор портфеля подписчика","https://t.me/AnalyticsUSARussiaMarkets/101","Обучение",2020-10-17
"Технологический сектор (ч. 2)","https://t.me/AnalyticsUSARussiaMarkets/118","Разбор сектора",2020-10-22
"Во что инвестировать? (ч. 1)","https://t.me/usamarke1/1289","Тренды",2020-10-22
"Почему не стоит покупать компании, находящиеся в нисходящем тренде?","https://t.me/AnalyticsUSARussiaMarkets/119","Обучение",2020-10-23
"Сравнение Adidas vs Nike vs Lululemon","https://t.me/usamarke1/1316","Сравнение компаний",2020-10-27
"Сектор здравоохранения (ч. 1)","https://t.me/AnalyticsUSARussiaMarkets/133","Разбор сектора",2020-10-28
"Сектор полупроводников (ч. 1)","https://t.me/usamarke1/1323","Тренды",2020-10-28
"Сжимающиеся рынки на примере угля","https://t.me/AnalyticsUSARussiaMarkets/134","Обучение",2020-10-29
"FXRL разбор ETF","https://t.me/AnalyticsUSARussiaMarkets/136","Разборы ETF",2020-10-30
"Во что инвестировать? (ч. 2)","https://t.me/usamarke1/1345","Тренды",2020-11-02
"Сектор полупроводников (ч. 2)","https://t.me/usamarke1/1353","Тренды",2020-11-03
"Сектор здравоохранения (ч. 2)","https://t.me/AnalyticsUSARussiaMarkets/148","Разбор сектора",2020-11-04
"Фондовый рынок Китая, во что инвестировать? (ч. 1)","https://t.me/usamarke1/1366","Аналитика",2020-11-05
"Разбор портфеля подписчика 5","https://t.me/AnalyticsUSARussiaMarkets/152","Аналитика портфелей",2020-11-05
"Искусственные и настоящие алмазы","https://t.me/AnalyticsUSARussiaMarkets/157","Аналитика",2020-11-06
"Сравнение полупроводниковых компаний","https://t.me/usamarke1/1372  ","Сравнение компаний",2020-11-06
"Демография (ч. 1)","https://t.me/AnalyticsUSARussiaMarkets/174","Аналитика",2020-11-11
"Фондовый рынок Китая, во что инвестировать? (ч. 2)","https://t.me/usamarke1/1398","Аналитика",2020-11-12
"Итоги разбора секторов S&P 500 (ч. 1)","https://t.me/AnalyticsUSARussiaMarkets/178","Разбор сектора",2020-11-13
"Pfizer и Mylan","https://t.me/usamarke1/1402","Аналитика",2020-11-13
"Итоги разбора секторов S&P 500 (ч. 2)","https://t.me/AnalyticsUSARussiaMarkets/196","Разбор сектора",2020-11-18
"Геномика разбор эмитентов (ч. 1)","https://t.me/usamarke1/1424","Тренды",2020-11-18
"Демография (ч. 2)","https://t.me/AnalyticsUSARussiaMarkets/198","Аналитика",2020-11-19
"Газодобыча","https://t.me/AnalyticsUSARussiaMarkets/201","Аналитика",2020-11-20
"Сравнение биотехнологичский сектор (ч. 1)","https://t.me/usamarke1/1449","Сравнение компаний",2020-11-24
"Итоги разбора секторов S&P 500 (ч. 3)","https://t.me/AnalyticsUSARussiaMarkets/223","Разбор сектора",2020-11-25
"Buyback","https://t.me/AnalyticsUSARussiaMarkets/225","Обучение",2020-11-26
"Сравнение биотехнологичский сектор (ч. 2)","https://t.me/usamarke1/1468","Сравнение компаний",2020-11-26
"FXCN ETF","https://t.me/AnalyticsUSARussiaMarkets/246","Разборы ETF",2020-12-02
"SPO","https://t.me/AnalyticsUSARussiaMarkets/248","Обучение",2020-12-03
"Геномика разбор эмитентов (ч. 2)","https://t.me/usamarke1/1500","Тренды",2020-12-03
"Льгота на долгосрочное владение ценными бумагами","https://t.me/AnalyticsUSARussiaMarkets/251","Обучение",2020-12-04
"MSCI Russia","https://t.me/AnalyticsUSARussiaMarkets/267","Разборы ETF",2020-12-09
"Государственная или частная компания, что выгоднее?","https://t.me/AnalyticsUSARussiaMarkets/269","Аналитика",2020-12-10
"Salesforce и Slack","https://t.me/AnalyticsUSARussiaMarkets/272","Аналитика",2020-12-11
"Сравнение – американские телекомы","https://t.me/usamarke1/1557","Сравнение компаний",2020-12-15
"Облачные технологии","https://t.me/usamarke1/1561","Тренды",2020-12-16
"Электронная коммерция РФ (ч. 1)","https://t.me/AnalyticsUSARussiaMarkets/287","Тренды",2020-12-16
"FXDE ETF","https://t.me/AnalyticsUSARussiaMarkets/289","Разборы ETF",2020-12-17
"Электронная коммерция РФ (ч. 2)","https://t.me/AnalyticsUSARussiaMarkets/292","Тренды",2020-12-18
"Дуополия на рынке","https://t.me/AnalyticsUSARussiaMarkets/316","Обучение",2020-12-23
"Что такое растущая индустрия","https://t.me/AnalyticsUSARussiaMarkets/319","Обучение",2020-12-24
"5G","https://t.me/usamarke1/1610","Тренды",2020-12-24
"Алготрейдинг","https://t.me/AnalyticsUSARussiaMarkets/323","Обучение",2020-12-25
"Компании бенефициары 5G (ч. 1)","https://t.me/usamarke1/1623","Тренды",2020-12-27
"Вечный портфель Тинькофф","https://t.me/AnalyticsUSARussiaMarkets/344","Разборы ETF",2020-12-30
"Компании с дивидендами vs компании без дивидендов","https://t.me/AnalyticsUSARussiaMarkets/347","Обучение",2020-12-31
"Пузырь IPO – насколько это опасно?","https://t.me/usamarke1/1647","Аналитика",2021-01-03
"TBIO ETF","https://t.me/AnalyticsUSARussiaMarkets/362","Разборы ETF",2021-01-06
"Как менялся топ крупнейших по капитализации компаний за последние 20 лет","https://t.me/AnalyticsUSARussiaMarkets/383","Аналитика",2021-01-13
"IPO и листинги рынка РФ в 2020","https://t.me/AnalyticsUSARussiaMarkets/386","Аналитика",2021-01-15
"Компании бенефициары 5G (ч. 2)","https://t.me/usamarke1/1693","Тренды",2021-01-18
"Компании бенефициары 5G (ч. 3)","https://t.me/usamarke1/1697","Тренды",2021-01-19
"Дивиденды vs Байбек","https://t.me/AnalyticsUSARussiaMarkets/426","Обучение",2021-01-28
"Недостатки инвестирования в ETF-фонды (ч. 1)","https://t.me/AnalyticsUSARussiaMarkets/427","Аналитика",2021-01-29
"Недостатки инвестирования в ETF-фонды (ч. 2)","https://t.me/AnalyticsUSARussiaMarkets/443","Аналитика",2021-02-03
"Разбор портфеля подписчика 6","https://t.me/AnalyticsUSARussiaMarkets/445","Аналитика портфелей",2021-02-04
"TIPO ETF","https://t.me/AnalyticsUSARussiaMarkets/467","Разборы ETF",2021-02-10
"3D принтеры","https://t.me/AnalyticsUSARussiaMarkets/469","Тренды",2021-02-11
"Водородное топливо","https://t.me/AnalyticsUSARussiaMarkets/484","Тренды",2021-02-17
"Бенефициары водородного топлива","https://t.me/AnalyticsUSARussiaMarkets/491","Тренды",2021-02-18
"Как оценивать акции роста","https://t.me/AnalyticsUSARussiaMarkets/494","Обучение",2021-02-19
"Дивидендные аристократы","https://t.me/AnalyticsUSARussiaMarkets/518","Аналитика",2021-02-24
"Цели команды Инвестиции USA Market","https://t.me/usamarke1/1844","Обучение",2021-02-25
"Как пользоваться стратегиями из проекта Битва стратегий?","https://t.me/AnalyticsUSARussiaMarkets/525","Аналитика",2021-02-26
"Кризисы - как это было. Пузырь доткомов","https://t.me/AnalyticsUSARussiaMarkets/544","Обучение",2021-03-03
"Как мы даем оценку компаниям при разборе","https://t.me/usamarke1/1881","Обучение",2021-03-05
"В чем преимущества машинного обучения перед традиционным программным обеспечением?","https://t.me/usamarke1/1884","Аналитика",2021-03-05
"ЗПИФ ФПР","https://t.me/AnalyticsUSARussiaMarkets/548","Разборы ETF",2021-03-05
"Сравнение компаний из игрового сегмента","https://t.me/AnalyticsUSARussiaMarkets/570","Сравнение компаний",2021-03-10
"Кризисы - как это было. Ипотечный кризис","https://t.me/AnalyticsUSARussiaMarkets/574","Обучение",2021-03-11
"Как “пампят” акции с помощью телеграмм каналов (ч. 1)","https://t.me/usamarke1/1923","Аналитика",2021-03-16
"Кэти Вуд или Уорен Баффет","https://t.me/usamarke1/1929","Аналитика",2021-03-17
"Медь, золото, сталь, никель, литий, железо - как инвестировать в  добывающие компании?","https://t.me/AnalyticsUSARussiaMarkets/597","Тренды",2021-03-17
"Как “пампят” акции с помощью телеграмм каналов (ч. 2)","https://t.me/usamarke1/1939","Аналитика",2021-03-19
"Добывающие компании, что доступно на СПБ бирже?","https://t.me/AnalyticsUSARussiaMarkets/604","Тренды",2021-03-19
"Добывающие компании - российский рынок","https://t.me/AnalyticsUSARussiaMarkets/606","Тренды",2021-03-19
"Сравнение компаний по продаже товаров для улучшения дома","https://t.me/AnalyticsUSARussiaMarkets/624","Сравнение компаний",2021-03-24
"Разбор портфеля подписчика 7","https://t.me/AnalyticsUSARussiaMarkets/627","Аналитика портфелей",2021-03-25
"Нужно ли инвестору думать об инфляции?","https://t.me/usamarke1/1979","Обучение",2021-03-29
"Кибербезопасность","https://t.me/AnalyticsUSARussiaMarkets/650","Тренды",2021-03-31
"Разница между валовой и операционной маржой","https://t.me/AnalyticsUSARussiaMarkets/656","Обучение",2021-04-02
"Рынок здравоохранения – основные тенденции развития","https://t.me/AnalyticsUSARussiaMarkets/676","Тренды",2021-04-07
"Инвестиции в робо-медицину","https://t.me/AnalyticsUSARussiaMarkets/679","Тренды",2021-04-08
"Кризисы - как это было. Черный понедельник","https://t.me/AnalyticsUSARussiaMarkets/683","Обучение",2021-04-09
"Как можно обжечься на акциях роста, AOL","https://t.me/usamarke1/2053","Аналитика",2021-04-13
"Модель дисконтированного денежного потока (DCF)","https://t.me/AnalyticsUSARussiaMarkets/707","Обучение",2021-04-14
"Громкие сокращения дивидендов","https://t.me/usamarke1/2058","Аналитика",2021-04-14
"Цифровая реклама (ч. 1)","https://t.me/AnalyticsUSARussiaMarkets/709","Тренды",2021-04-15
"Риски копирования фондов, ARK","https://t.me/usamarke1/2069","Аналитика",2021-04-16
"Цифровая реклама (ч. 2)","https://t.me/AnalyticsUSARussiaMarkets/713","Тренды",2021-04-16
"Громкие IPO-провалы","https://t.me/AnalyticsUSARussiaMarkets/732","Аналитика",2021-04-21
"Сравнение автопроизводителей","https://t.me/AnalyticsUSARussiaMarkets/736","Сравнение компаний",2021-04-22
"Экономический ров","https://t.me/AnalyticsUSARussiaMarkets/741","Обучение",2021-04-23
"Финтехи (ч. 1)","https://t.me/AnalyticsUSARussiaMarkets/758","Тренды",2021-04-28
"Финтехи (ч. 2)","https://t.me/AnalyticsUSARussiaMarkets/761","Тренды",2021-04-29
"Зеленая энергетика (ч. 1)","https://t.me/AnalyticsUSARussiaMarkets/781","Тренды",2021-05-05
"Зеленая энергетика (ч. 2)","https://t.me/AnalyticsUSARussiaMarkets/785","Тренды",2021-05-06
"Инвестирование в дивидендные акции","https://t.me/usamarke1/2164","Обучение",2021-05-11
"Электронная коммерция (ч. 1)","https://t.me/AnalyticsUSARussiaMarkets/807","Тренды",2021-05-12
"Электронная коммерция (ч. 2)","https://t.me/AnalyticsUSARussiaMarkets/812","Тренды",2021-05-13
"Электронная коммерция (ч. 3)","https://t.me/AnalyticsUSARussiaMarkets/835","Тренды",2021-05-19
"Экономические циклы","https://t.me/AnalyticsUSARussiaMarkets/840","Обучение",2021-05-20
"VTBE ETF","https://t.me/AnalyticsUSARussiaMarkets/846","Разборы ETF",2021-05-21
"FXDM ETF","https://t.me/usamarke1/2223","Разборы ETF",2021-05-23
"Золото","https://t.me/usamarke1/2241","Обучение",2021-05-27
"Робототехника (ч. 1)","https://t.me/AnalyticsUSARussiaMarkets/869","Тренды",2021-05-27
"Робототехника (ч. 2)","https://t.me/AnalyticsUSARussiaMarkets/875","Тренды",2021-05-28
"Робототехника (ч. 3)","https://t.me/AnalyticsUSARussiaMarkets/899","Тренды",2021-06-02
"Робототехника (ч. 4)","https://t.me/AnalyticsUSARussiaMarkets/903","Тренды",2021-06-03
"Инфляция и рынки","https://t.me/AnalyticsUSARussiaMarkets/908","Обучение",2021-06-04
"Ключевая ставка и инфляция","https://t.me/AnalyticsUSARussiaMarkets/910","Обучение",2021-06-04
"Влияние новой политики рождаемости на E-commerce в Китае","https://t.me/AnalyticsUSARussiaMarkets/918","Аналитика",2021-06-06
"Индустрия мусоросбора","https://t.me/AnalyticsUSARussiaMarkets/932","Тренды",2021-06-09
"Акции третьего эшелона","https://t.me/AnalyticsUSARussiaMarkets/935","Обучение",2021-06-10
"Топ-50 компаний по капитализации в мире","https://t.me/AnalyticsUSARussiaMarkets/956","Аналитика",2021-06-16
"Развитые и развивающиеся рынки","https://t.me/AnalyticsUSARussiaMarkets/962","Обучение",2021-06-17
"Frontier Markets","https://t.me/AnalyticsUSARussiaMarkets/964","Обучение",2021-06-17
"Стоит ли покупать компании без прибыли?","https://t.me/AnalyticsUSARussiaMarkets/967","Обучение",2021-06-18
"Жизненный цикл компании","https://t.me/AnalyticsUSARussiaMarkets/988","Обучение",2021-06-23
"Индустрия строительства жилья в США (ч. 1)","https://t.me/AnalyticsUSARussiaMarkets/993","Тренды",2021-06-24
"Индустрия строительства жилья в США (ч. 2)","https://t.me/AnalyticsUSARussiaMarkets/997","Тренды",2021-06-25
"Индустрия строительства жилья в США (ч. 3)","https://t.me/AnalyticsUSARussiaMarkets/1019","Тренды",2021-06-30
"Cамые громкие IPO провалы в России","https://t.me/AnalyticsUSARussiaMarkets/1025","Аналитика",2021-07-02
"Проблемные отрасли","https://t.me/AnalyticsUSARussiaMarkets/1044","Обучение",2021-07-07
"Кибератаки меняют мир","https://t.me/AnalyticsUSARussiaMarkets/1048","Аналитика",2021-07-08
"Умные фонды Сбера - полный провал","https://t.me/AnalyticsUSARussiaMarkets/1051","Разборы ETF",2021-07-09
"Логистическая отрасль (ч. 1)","https://t.me/AnalyticsUSARussiaMarkets/1067","Тренды",2021-07-14
"Логистическая отрасль (ч. 2)","https://t.me/AnalyticsUSARussiaMarkets/1071","Тренды",2021-07-15
"Логистическая отрасль (ч. 3)","https://t.me/AnalyticsUSARussiaMarkets/1074","Тренды",2021-07-16
"Логистическая отрасль (ч. 4)","https://t.me/AnalyticsUSARussiaMarkets/1094","Тренды",2021-07-21
"Логистическая отрасль (ч. 5) Компании","https://t.me/AnalyticsUSARussiaMarkets/1102","Тренды",2021-07-23
"FXES ETF","https://t.me/AnalyticsUSARussiaMarkets/1121","Разборы ETF",2021-07-28
"Разбор портфеля подписчика 8","https://t.me/AnalyticsUSARussiaMarkets/1126","Аналитика портфелей",2021-07-29
"Сектор электроэнергетики США (ч. 1)","https://t.me/AnalyticsUSARussiaMarkets/1154","Разбор сектора",2021-08-04
"Сектор электроэнергетики США (ч. 2)","https://t.me/AnalyticsUSARussiaMarkets/1157","Разбор сектора",2021-08-05
"Тинькофф Green Economy","https://t.me/AnalyticsUSARussiaMarkets/1182","Разборы ETF",2021-08-12
"Рынок образования (ч. 1)","https://t.me/AnalyticsUSARussiaMarkets/1202","Тренды",2021-08-18
"Рынок образования (ч. 2)","https://t.me/AnalyticsUSARussiaMarkets/1209","Тренды",2021-08-20
"9 биотехнологических компаний","https://t.me/AnalyticsUSARussiaMarkets/1252","Сравнение компаний",2021-09-01
"Отрасль домашних животных","https://t.me/AnalyticsUSARussiaMarkets/1276","Тренды",2021-09-08
"Капитальные затраты","https://t.me/AnalyticsUSARussiaMarkets/1301","Обучение",2021-09-15
"Лидары","https://t.me/AnalyticsUSARussiaMarkets/1303","Тренды",2021-09-16
"Как выбирать биотех компании?","https://t.me/AnalyticsUSARussiaMarkets/1330","Обучение",2021-09-22
"Риск профиль инвестора","https://t.me/AnalyticsUSARussiaMarkets/1336","Обучение",2021-09-24
"Автомобильная отрасль (ч. 1)","https://t.me/AnalyticsUSARussiaMarkets/1350","Разбор сектора",2021-09-29
"Автомобильная отрасль (ч. 2)","https://t.me/AnalyticsUSARussiaMarkets/1352","Разбор сектора",2021-09-30
"Автомобильная отрасль (ч. 3)","https://t.me/AnalyticsUSARussiaMarkets/1354","Разбор сектора",2021-09-30
"Тестирование для неквалов","https://t.me/AnalyticsUSARussiaMarkets/1355","Обучение",2021-10-01
"GM, история провалов","https://t.me/AnalyticsUSARussiaMarkets/1381","Обучение",2021-10-06
"Разбор портфеля подписчика 9","https://t.me/AnalyticsUSARussiaMarkets/1386","Аналитика портфелей",2021-10-07
"Мед. страхование ч. 1","https://t.me/AnalyticsUSARussiaMarkets/1437","Разбор сектора",2021-10-20
"Мед. страхование ч. 2","https://t.me/AnalyticsUSARussiaMarkets/1440","Разбор сектора",2021-10-21
"Инвестиции vs Трейдинг","https://t.me/AnalyticsUSARussiaMarkets/1466","Обучение",2021-10-27
"Финансовые алгоритмы","https://t.me/AnalyticsUSARussiaMarkets/1468","Тренды",2021-10-28
"Почему растет рынок акций?","https://t.me/AnalyticsUSARussiaMarkets/1472","Обучение",2021-10-29
"Медицинское оборудование ч. 1","https://t.me/AnalyticsUSARussiaMarkets/1531","Разбор сектора",2021-11-11
"Как оценивать горнодобывающие компании ч. 1","https://t.me/AnalyticsUSARussiaMarkets/1611","Обучение",2021-12-03
"Как оценивать горнодобывающие компании ч. 2","https://t.me/AnalyticsUSARussiaMarkets/1613","Обучение",2021-12-03
"Медицинское оборудование ч. 2","https://t.me/AnalyticsUSARussiaMarkets/1632","Разбор сектора",2021-12-08
"Консенсус-прогнозы аналитиков: какова эффективность?","https://t.me/AnalyticsUSARussiaMarkets/1686","Обучение",2021-12-22
"Онлайн бронирование","https://t.me/AnalyticsUSARussiaMarkets/1688","Разбор сектора",2021-12-23
"ESG Leaders TSST","https://t.me/AnalyticsUSARussiaMarkets/1709","Разборы ETF",2021-12-30
"Фонды Тинькофф: TRAI, TSOX, TPAS, TEUS, TBUY","https://t.me/usamarke1/3121","Разборы ETF",2022-01-08
